CREATE DATABASE  IF NOT EXISTS `farmaciabd` /*!40100 DEFAULT CHARACTER SET utf8mb4 COLLATE utf8mb4_general_ci */;
USE `farmaciabd`;
-- MySQL dump 10.13  Distrib 8.0.42, for Win64 (x86_64)
--
-- Host: 127.0.0.1    Database: farmaciabd
-- ------------------------------------------------------
-- Server version	5.5.5-10.4.32-MariaDB

/*!40101 SET @OLD_CHARACTER_SET_CLIENT=@@CHARACTER_SET_CLIENT */;
/*!40101 SET @OLD_CHARACTER_SET_RESULTS=@@CHARACTER_SET_RESULTS */;
/*!40101 SET @OLD_COLLATION_CONNECTION=@@COLLATION_CONNECTION */;
/*!50503 SET NAMES utf8 */;
/*!40103 SET @OLD_TIME_ZONE=@@TIME_ZONE */;
/*!40103 SET TIME_ZONE='+00:00' */;
/*!40014 SET @OLD_UNIQUE_CHECKS=@@UNIQUE_CHECKS, UNIQUE_CHECKS=0 */;
/*!40014 SET @OLD_FOREIGN_KEY_CHECKS=@@FOREIGN_KEY_CHECKS, FOREIGN_KEY_CHECKS=0 */;
/*!40101 SET @OLD_SQL_MODE=@@SQL_MODE, SQL_MODE='NO_AUTO_VALUE_ON_ZERO' */;
/*!40111 SET @OLD_SQL_NOTES=@@SQL_NOTES, SQL_NOTES=0 */;

--
-- Temporary view structure for view `categoria_producto_activa_v`
--

DROP TABLE IF EXISTS `categoria_producto_activa_v`;
/*!50001 DROP VIEW IF EXISTS `categoria_producto_activa_v`*/;
SET @saved_cs_client     = @@character_set_client;
/*!50503 SET character_set_client = utf8mb4 */;
/*!50001 CREATE VIEW `categoria_producto_activa_v` AS SELECT 
 1 AS `ID_CATEGORIA_PRODUCTO`,
 1 AS `NOMBRE`*/;
SET character_set_client = @saved_cs_client;

--
-- Table structure for table `cliente`
--

DROP TABLE IF EXISTS `cliente`;
/*!40101 SET @saved_cs_client     = @@character_set_client */;
/*!50503 SET character_set_client = utf8mb4 */;
CREATE TABLE `cliente` (
  `ID_CLIENTE` bigint(20) NOT NULL AUTO_INCREMENT,
  `ID_USUARIO` bigint(20) NOT NULL,
  `CEDULA` varchar(20) DEFAULT NULL,
  `TELEFONO` varchar(20) DEFAULT NULL,
  `DIRECCION` varchar(255) DEFAULT NULL,
  `FECHA_NACIMIENTO` date DEFAULT NULL,
  `SEXO` varchar(10) DEFAULT NULL,
  `ALERGIAS` text DEFAULT NULL,
  PRIMARY KEY (`ID_CLIENTE`),
  KEY `FK_CLIENTE_USUARIO` (`ID_USUARIO`),
  CONSTRAINT `FK_CLIENTE_USUARIO` FOREIGN KEY (`ID_USUARIO`) REFERENCES `usuario` (`ID`) ON DELETE CASCADE
) ENGINE=InnoDB DEFAULT CHARSET=utf8mb4 COLLATE=utf8mb4_general_ci;
/*!40101 SET character_set_client = @saved_cs_client */;

--
-- Dumping data for table `cliente`
--

LOCK TABLES `cliente` WRITE;
/*!40000 ALTER TABLE `cliente` DISABLE KEYS */;
/*!40000 ALTER TABLE `cliente` ENABLE KEYS */;
UNLOCK TABLES;

--
-- Temporary view structure for view `farmacias_v`
--

DROP TABLE IF EXISTS `farmacias_v`;
/*!50001 DROP VIEW IF EXISTS `farmacias_v`*/;
SET @saved_cs_client     = @@character_set_client;
/*!50503 SET character_set_client = utf8mb4 */;
/*!50001 CREATE VIEW `farmacias_v` AS SELECT 
 1 AS `ID_FARMACIA`,
 1 AS `NOMBRE`*/;
SET character_set_client = @saved_cs_client;

--
-- Table structure for table `fide_alerta_tb`
--

DROP TABLE IF EXISTS `fide_alerta_tb`;
/*!40101 SET @saved_cs_client     = @@character_set_client */;
/*!50503 SET character_set_client = utf8mb4 */;
CREATE TABLE `fide_alerta_tb` (
  `ID_ALERTA` int(11) NOT NULL AUTO_INCREMENT,
  `FECHA_ALERTA` date NOT NULL,
  `ID_TIPO_ALERTA` int(11) DEFAULT NULL,
  `ID_INVENTARIO` int(11) DEFAULT NULL,
  `ID_ESTADO` int(11) DEFAULT NULL,
  PRIMARY KEY (`ID_ALERTA`),
  KEY `FK_ALERTA_TIPO` (`ID_TIPO_ALERTA`),
  KEY `FK_ALERTA_INVENTARIO` (`ID_INVENTARIO`),
  KEY `FK_ALERTA_ESTADO` (`ID_ESTADO`),
  CONSTRAINT `FK_ALERTA_ESTADO` FOREIGN KEY (`ID_ESTADO`) REFERENCES `fide_estado_tb` (`ID_ESTADO`),
  CONSTRAINT `FK_ALERTA_INVENTARIO` FOREIGN KEY (`ID_INVENTARIO`) REFERENCES `fide_inventario_tb` (`ID_INVENTARIO`),
  CONSTRAINT `FK_ALERTA_TIPO` FOREIGN KEY (`ID_TIPO_ALERTA`) REFERENCES `tipo_alerta` (`ID_TIPO_ALERTA`)
) ENGINE=InnoDB DEFAULT CHARSET=utf8mb4 COLLATE=utf8mb4_general_ci;
/*!40101 SET character_set_client = @saved_cs_client */;

--
-- Dumping data for table `fide_alerta_tb`
--

LOCK TABLES `fide_alerta_tb` WRITE;
/*!40000 ALTER TABLE `fide_alerta_tb` DISABLE KEYS */;
/*!40000 ALTER TABLE `fide_alerta_tb` ENABLE KEYS */;
UNLOCK TABLES;

--
-- Table structure for table `fide_categoria_producto_tb`
--

DROP TABLE IF EXISTS `fide_categoria_producto_tb`;
/*!40101 SET @saved_cs_client     = @@character_set_client */;
/*!50503 SET character_set_client = utf8mb4 */;
CREATE TABLE `fide_categoria_producto_tb` (
  `ID_CATEGORIA_PRODUCTO` int(11) NOT NULL AUTO_INCREMENT,
  `NOMBRE` varchar(100) NOT NULL,
  `ID_ESTADO` int(11) DEFAULT NULL,
  PRIMARY KEY (`ID_CATEGORIA_PRODUCTO`),
  KEY `FK_CATEGORIA_ESTADO` (`ID_ESTADO`),
  CONSTRAINT `FK_CATEGORIA_ESTADO` FOREIGN KEY (`ID_ESTADO`) REFERENCES `fide_estado_tb` (`ID_ESTADO`)
) ENGINE=InnoDB AUTO_INCREMENT=82 DEFAULT CHARSET=utf8mb4 COLLATE=utf8mb4_general_ci;
/*!40101 SET character_set_client = @saved_cs_client */;

--
-- Dumping data for table `fide_categoria_producto_tb`
--

LOCK TABLES `fide_categoria_producto_tb` WRITE;
/*!40000 ALTER TABLE `fide_categoria_producto_tb` DISABLE KEYS */;
INSERT INTO `fide_categoria_producto_tb` VALUES (1,'Analg茅sico',1),(2,'Antibi贸tico',1),(3,'Antiinflamatorio',1),(4,'Antial茅rgico',1),(5,'Antipir茅tico',1),(6,'Antihipertensivo',1),(7,'Antidiab茅tico',1),(8,'Anticonvulsivo',1),(9,'Antipsic贸tico',1),(10,'Ansiol铆tico',1),(11,'Antidepresivo',1),(12,'Gastrointestinal',1),(13,'Vitaminas y suplementos',1),(14,'Antimic贸tico',1),(15,'Antiviral',1),(16,'Hormonas',1),(17,'Cardiovascular',1),(18,'Anticoagulante',1),(19,'Antiparasitario',1),(20,'Cuidado dermatol贸gico',1),(21,'Inmunol贸gico',1),(22,'Pedi谩trico',1),(23,'Ginecol贸gico',1),(24,'Respiratorio',1),(25,'Oft谩lmico',1),(26,'Odontol贸gico',1),(27,'Otros',1),(28,'Analg茅sico',1),(29,'Antibi贸tico',1),(30,'Antiinflamatorio',1),(31,'Antial茅rgico',1),(32,'Antipir茅tico',1),(33,'Antihipertensivo',1),(34,'Antidiab茅tico',1),(35,'Anticonvulsivo',1),(36,'Antipsic贸tico',1),(37,'Ansiol铆tico',1),(38,'Antidepresivo',1),(39,'Gastrointestinal',1),(40,'Vitaminas y suplementos',1),(41,'Antimic贸tico',1),(42,'Antiviral',1),(43,'Hormonas',1),(44,'Cardiovascular',1),(45,'Anticoagulante',1),(46,'Antiparasitario',1),(47,'Cuidado dermatol贸gico',1),(48,'Inmunol贸gico',1),(49,'Pedi谩trico',1),(50,'Ginecol贸gico',1),(51,'Respiratorio',1),(52,'Oft谩lmico',1),(53,'Odontol贸gico',1),(54,'Otros',1),(55,'Analg茅sico',1),(56,'Antibi贸tico',1),(57,'Antiinflamatorio',1),(58,'Antial茅rgico',1),(59,'Antipir茅tico',1),(60,'Antihipertensivo',1),(61,'Antidiab茅tico',1),(62,'Anticonvulsivo',1),(63,'Antipsic贸tico',1),(64,'Ansiol铆tico',1),(65,'Antidepresivo',1),(66,'Gastrointestinal',1),(67,'Vitaminas y suplementos',1),(68,'Antimic贸tico',1),(69,'Antiviral',1),(70,'Hormonas',1),(71,'Cardiovascular',1),(72,'Anticoagulante',1),(73,'Antiparasitario',1),(74,'Cuidado dermatol贸gico',1),(75,'Inmunol贸gico',1),(76,'Pedi谩trico',1),(77,'Ginecol贸gico',1),(78,'Respiratorio',1),(79,'Oft谩lmico',1),(80,'Odontol贸gico',1),(81,'Otros',1);
/*!40000 ALTER TABLE `fide_categoria_producto_tb` ENABLE KEYS */;
UNLOCK TABLES;

--
-- Table structure for table `fide_estado_tb`
--

DROP TABLE IF EXISTS `fide_estado_tb`;
/*!40101 SET @saved_cs_client     = @@character_set_client */;
/*!50503 SET character_set_client = utf8mb4 */;
CREATE TABLE `fide_estado_tb` (
  `ID_ESTADO` int(11) NOT NULL AUTO_INCREMENT,
  `DESCRIPCION` varchar(100) NOT NULL,
  PRIMARY KEY (`ID_ESTADO`)
) ENGINE=InnoDB AUTO_INCREMENT=25 DEFAULT CHARSET=utf8mb4 COLLATE=utf8mb4_general_ci;
/*!40101 SET character_set_client = @saved_cs_client */;

--
-- Dumping data for table `fide_estado_tb`
--

LOCK TABLES `fide_estado_tb` WRITE;
/*!40000 ALTER TABLE `fide_estado_tb` DISABLE KEYS */;
INSERT INTO `fide_estado_tb` VALUES (1,'Activo'),(2,'Inactivo'),(3,'Eliminado'),(4,'Pendiente'),(5,'Vencido'),(6,'En revisi贸n'),(7,'Completado'),(8,'Cancelado'),(9,'Activo'),(10,'Inactivo'),(11,'Eliminado'),(12,'Pendiente'),(13,'Vencido'),(14,'En revisi贸n'),(15,'Completado'),(16,'Cancelado'),(17,'Activo'),(18,'Inactivo'),(19,'Eliminado'),(20,'Pendiente'),(21,'Vencido'),(22,'En revisi贸n'),(23,'Completado'),(24,'Cancelado');
/*!40000 ALTER TABLE `fide_estado_tb` ENABLE KEYS */;
UNLOCK TABLES;

--
-- Table structure for table `fide_farmacia_tb`
--

DROP TABLE IF EXISTS `fide_farmacia_tb`;
/*!40101 SET @saved_cs_client     = @@character_set_client */;
/*!50503 SET character_set_client = utf8mb4 */;
CREATE TABLE `fide_farmacia_tb` (
  `ID_FARMACIA` int(11) NOT NULL AUTO_INCREMENT,
  `NOMBRE` varchar(100) NOT NULL,
  `ID_ESTADO` int(11) DEFAULT NULL,
  PRIMARY KEY (`ID_FARMACIA`),
  KEY `FK_FARMACIA_ESTADO` (`ID_ESTADO`),
  CONSTRAINT `FK_FARMACIA_ESTADO` FOREIGN KEY (`ID_ESTADO`) REFERENCES `fide_estado_tb` (`ID_ESTADO`)
) ENGINE=InnoDB AUTO_INCREMENT=15 DEFAULT CHARSET=utf8mb4 COLLATE=utf8mb4_general_ci;
/*!40101 SET character_set_client = @saved_cs_client */;

--
-- Dumping data for table `fide_farmacia_tb`
--

LOCK TABLES `fide_farmacia_tb` WRITE;
/*!40000 ALTER TABLE `fide_farmacia_tb` DISABLE KEYS */;
INSERT INTO `fide_farmacia_tb` VALUES (1,'Farmacia Central San Jos茅',1),(2,'Farmacia Heredia Norte',1),(3,'Farmacia Cartago Este',1),(4,'Farmacia Alajuela Centro',2),(5,'Farmacia Liberia Oeste',1),(6,'Farmacia P茅rez Zeled贸n',1),(7,'Farmacia San Ram贸n',2),(8,'Farmacia Central San Jos茅',1),(9,'Farmacia Heredia Norte',1),(10,'Farmacia Cartago Este',1),(11,'Farmacia Alajuela Centro',2),(12,'Farmacia Liberia Oeste',1),(13,'Farmacia P茅rez Zeled贸n',1),(14,'Farmacia San Ram贸n',2);
/*!40000 ALTER TABLE `fide_farmacia_tb` ENABLE KEYS */;
UNLOCK TABLES;

--
-- Table structure for table `fide_inventario_tb`
--

DROP TABLE IF EXISTS `fide_inventario_tb`;
/*!40101 SET @saved_cs_client     = @@character_set_client */;
/*!50503 SET character_set_client = utf8mb4 */;
CREATE TABLE `fide_inventario_tb` (
  `ID_INVENTARIO` int(11) NOT NULL AUTO_INCREMENT,
  `CODIGO` varchar(20) DEFAULT NULL,
  `CANTIDAD_DISPONIBLE` int(11) NOT NULL,
  `STOCK_MINIMO` int(11) DEFAULT NULL,
  `STOCK_MAXIMO` int(11) DEFAULT NULL,
  `ID_FARMACIA` int(11) DEFAULT NULL,
  `ID_ESTADO` int(11) DEFAULT NULL,
  PRIMARY KEY (`ID_INVENTARIO`),
  KEY `FK_INVENTARIO_PRODUCTO` (`CODIGO`),
  KEY `FK_INVENTARIO_FARMACIA` (`ID_FARMACIA`),
  KEY `FK_INVENTARIO_ESTADO` (`ID_ESTADO`),
  CONSTRAINT `FK_INVENTARIO_ESTADO` FOREIGN KEY (`ID_ESTADO`) REFERENCES `fide_estado_tb` (`ID_ESTADO`),
  CONSTRAINT `FK_INVENTARIO_FARMACIA` FOREIGN KEY (`ID_FARMACIA`) REFERENCES `fide_farmacia_tb` (`ID_FARMACIA`),
  CONSTRAINT `FK_INVENTARIO_PRODUCTO` FOREIGN KEY (`CODIGO`) REFERENCES `fide_producto_tb` (`CODIGO`)
) ENGINE=InnoDB AUTO_INCREMENT=6 DEFAULT CHARSET=utf8mb4 COLLATE=utf8mb4_general_ci;
/*!40101 SET character_set_client = @saved_cs_client */;

--
-- Dumping data for table `fide_inventario_tb`
--

LOCK TABLES `fide_inventario_tb` WRITE;
/*!40000 ALTER TABLE `fide_inventario_tb` DISABLE KEYS */;
INSERT INTO `fide_inventario_tb` VALUES (1,'110010204',0,0,0,10,1),(2,'110010204',0,0,0,5,1),(3,'110010204',21,0,0,1,1),(4,'110010205',0,0,0,1,1),(5,'110010205',0,0,0,3,1);
/*!40000 ALTER TABLE `fide_inventario_tb` ENABLE KEYS */;
UNLOCK TABLES;

--
-- Table structure for table `fide_lote_tb`
--

DROP TABLE IF EXISTS `fide_lote_tb`;
/*!40101 SET @saved_cs_client     = @@character_set_client */;
/*!50503 SET character_set_client = utf8mb4 */;
CREATE TABLE `fide_lote_tb` (
  `ID_LOTE` int(11) NOT NULL AUTO_INCREMENT,
  `CODIGO` varchar(20) DEFAULT NULL,
  `NUMERO_LOTE` varchar(100) DEFAULT NULL,
  `FECHA_ELABORADO` date DEFAULT NULL,
  `FECHA_VENCIMIENTO` date DEFAULT NULL,
  `ID_ESTADO` int(11) DEFAULT NULL,
  PRIMARY KEY (`ID_LOTE`),
  KEY `FK_LOTE_PRODUCTO` (`CODIGO`),
  KEY `FK_LOTE_ESTADO` (`ID_ESTADO`),
  CONSTRAINT `FK_LOTE_ESTADO` FOREIGN KEY (`ID_ESTADO`) REFERENCES `fide_estado_tb` (`ID_ESTADO`),
  CONSTRAINT `FK_LOTE_PRODUCTO` FOREIGN KEY (`CODIGO`) REFERENCES `fide_producto_tb` (`CODIGO`)
) ENGINE=InnoDB AUTO_INCREMENT=38 DEFAULT CHARSET=utf8mb4 COLLATE=utf8mb4_general_ci;
/*!40101 SET character_set_client = @saved_cs_client */;

--
-- Dumping data for table `fide_lote_tb`
--

LOCK TABLES `fide_lote_tb` WRITE;
/*!40000 ALTER TABLE `fide_lote_tb` DISABLE KEYS */;
INSERT INTO `fide_lote_tb` VALUES (1,'110010204','9999','2025-07-11','2025-07-12',1),(2,'110010205','9999','2025-07-17','2025-07-11',1),(3,'110010204','9999','2025-07-01','2025-07-01',1),(4,'110010204','88888','2025-07-13','2025-07-27',1),(5,'110010204','88888','2025-07-13','2025-08-03',1),(6,'110010204','9999','2025-07-13','2025-08-10',1),(7,'110010204','8888888','2025-07-13','2025-08-03',1),(8,'110010204','9999','2025-07-20','2025-07-26',1),(9,'110010204','8888888','2025-07-19','2025-07-20',1),(10,'110010204','8888888','2025-07-13','2025-07-27',1),(11,'110010204','888','2025-07-13','2025-08-02',1),(12,'110010204','777','2025-07-14','2025-08-08',1),(13,'110010204','8888888','2025-07-13','2025-07-13',1),(14,'110010204','888','2025-07-14','2025-07-26',1),(15,'110010204','8888888','2025-07-14','2025-07-26',1),(16,'110010204','9999','2025-07-13','2025-07-27',1),(17,'110010204','8888888','2025-07-13','2025-08-09',1),(18,'110010204','9999','2025-07-13','2025-08-02',1),(19,'110010204','9999','2025-07-13','2025-08-22',1),(20,'110010204','8888888','2025-07-13','2025-08-07',1),(21,'110010204','888','2025-07-14','2025-08-08',1),(22,'110010204','9999','2025-07-13','2025-08-08',1),(23,'110010204','88888','2025-07-13','2025-08-07',1),(24,'110010204','888','2025-07-14','2025-08-09',1),(25,'110010204','888','2025-07-13','2025-08-23',1),(26,'110010204','88888','2025-07-13','2025-08-16',1),(27,'110010204','88888','2025-07-13','2025-08-29',1),(28,'110010204','9999','2025-07-13','2025-08-09',1),(29,'110010204','8888','2025-07-13','2025-08-24',1),(30,'110010204','9999','2025-07-13','2025-08-06',1),(31,'110010204','9999','2025-07-13','2025-07-25',1),(32,'110010204','8888888','2025-07-13','2025-08-01',1),(33,'110010204','9999','2025-07-13','2025-08-07',1),(34,'110010204','9999','2025-07-13','2025-08-29',1),(35,'110010204','8888888','2025-07-13','2025-07-25',1),(36,'110010204','88888','2025-07-13','2025-07-25',1),(37,'110010204','88888','2025-07-13','2025-08-02',1);
/*!40000 ALTER TABLE `fide_lote_tb` ENABLE KEYS */;
UNLOCK TABLES;

--
-- Table structure for table `fide_movimiento_tb`
--

DROP TABLE IF EXISTS `fide_movimiento_tb`;
/*!40101 SET @saved_cs_client     = @@character_set_client */;
/*!50503 SET character_set_client = utf8mb4 */;
CREATE TABLE `fide_movimiento_tb` (
  `ID_MOVIMIENTO` int(11) NOT NULL AUTO_INCREMENT,
  `ID_INVENTARIO` int(11) NOT NULL,
  `ID_LOTE` int(11) NOT NULL,
  `FECHA_MOVIMIENTO` date NOT NULL,
  `FECHA_VENCIMIENTO` date NOT NULL,
  `TIPO_MOVIMIENTO` varchar(10) DEFAULT NULL CHECK (`TIPO_MOVIMIENTO` in ('Entrada','Salida')),
  `CANTIDAD` int(11) NOT NULL,
  `DESCRIPCION` varchar(255) DEFAULT NULL,
  `EMPRESA` varchar(100) DEFAULT NULL,
  `ID_FARMACIA` int(11) NOT NULL,
  PRIMARY KEY (`ID_MOVIMIENTO`),
  KEY `FK_MOVIMIENTO_INVENTARIO` (`ID_INVENTARIO`),
  KEY `FK_MOVIMIENTO_LOTE` (`ID_LOTE`),
  KEY `FK_MOVIMIENTO_FARMACIA` (`ID_FARMACIA`),
  CONSTRAINT `FK_MOVIMIENTO_FARMACIA` FOREIGN KEY (`ID_FARMACIA`) REFERENCES `fide_farmacia_tb` (`ID_FARMACIA`),
  CONSTRAINT `FK_MOVIMIENTO_INVENTARIO` FOREIGN KEY (`ID_INVENTARIO`) REFERENCES `fide_inventario_tb` (`ID_INVENTARIO`),
  CONSTRAINT `FK_MOVIMIENTO_LOTE` FOREIGN KEY (`ID_LOTE`) REFERENCES `fide_lote_tb` (`ID_LOTE`)
) ENGINE=InnoDB AUTO_INCREMENT=34 DEFAULT CHARSET=utf8mb4 COLLATE=utf8mb4_general_ci;
/*!40101 SET character_set_client = @saved_cs_client */;

--
-- Dumping data for table `fide_movimiento_tb`
--

LOCK TABLES `fide_movimiento_tb` WRITE;
/*!40000 ALTER TABLE `fide_movimiento_tb` DISABLE KEYS */;
INSERT INTO `fide_movimiento_tb` VALUES (30,3,34,'2025-07-13','2025-08-29','Entrada',6,'','',1),(31,3,35,'2025-07-13','2025-07-25','Entrada',5,'','',1),(32,3,36,'2025-07-13','2025-07-25','Entrada',5,'','',1),(33,3,37,'2025-07-13','2025-08-02','Entrada',5,'','',1);
/*!40000 ALTER TABLE `fide_movimiento_tb` ENABLE KEYS */;
UNLOCK TABLES;

--
-- Table structure for table `fide_producto_tb`
--

DROP TABLE IF EXISTS `fide_producto_tb`;
/*!40101 SET @saved_cs_client     = @@character_set_client */;
/*!50503 SET character_set_client = utf8mb4 */;
CREATE TABLE `fide_producto_tb` (
  `CODIGO` varchar(20) NOT NULL,
  `NOMBRE` varchar(100) NOT NULL,
  `PRECIO_UNITARIO` decimal(10,2) DEFAULT NULL,
  `ID_CATEGORIA_PRODUCTO` int(11) DEFAULT NULL,
  `ID_UNIDAD_MEDIDA` int(11) DEFAULT NULL,
  `ID_ESTADO` int(11) DEFAULT NULL,
  `URL_IMAGEN` varchar(255) DEFAULT NULL,
  PRIMARY KEY (`CODIGO`),
  KEY `FK_PRODUCTO_CATEGORIA` (`ID_CATEGORIA_PRODUCTO`),
  KEY `FK_PRODUCTO_UNIDAD` (`ID_UNIDAD_MEDIDA`),
  KEY `FK_PRODUCTO_ESTADO` (`ID_ESTADO`),
  CONSTRAINT `FK_PRODUCTO_CATEGORIA` FOREIGN KEY (`ID_CATEGORIA_PRODUCTO`) REFERENCES `fide_categoria_producto_tb` (`ID_CATEGORIA_PRODUCTO`),
  CONSTRAINT `FK_PRODUCTO_ESTADO` FOREIGN KEY (`ID_ESTADO`) REFERENCES `fide_estado_tb` (`ID_ESTADO`),
  CONSTRAINT `FK_PRODUCTO_UNIDAD` FOREIGN KEY (`ID_UNIDAD_MEDIDA`) REFERENCES `fide_unidad_medida_tb` (`ID_UNIDAD_MEDIDA`)
) ENGINE=InnoDB DEFAULT CHARSET=utf8mb4 COLLATE=utf8mb4_general_ci;
/*!40101 SET character_set_client = @saved_cs_client */;

--
-- Dumping data for table `fide_producto_tb`
--

LOCK TABLES `fide_producto_tb` WRITE;
/*!40000 ALTER TABLE `fide_producto_tb` DISABLE KEYS */;
INSERT INTO `fide_producto_tb` VALUES ('110010204','ATORVASTATINA 20 MG TABLETA',135.75,1,1,1,NULL),('110010205','ENALAPRIL 10 MG TABLETA',52.30,1,1,1,NULL),('110010206','FUROSEMIDA 40 MG TABLETA',25.00,1,1,1,NULL),('110010207','PREDNISONA 5 MG TABLETA',33.00,10,1,1,NULL),('110010208','CLORFENAMINA 4 MG TABLETA',19.50,6,1,1,NULL),('110010209','DICLOFENACO 50 MG TABLETA',27.75,4,1,1,NULL),('110010210','NAPROXENO 500 MG TABLETA',41.20,4,1,1,NULL),('110010211','RANITIDINA 150 MG TABLETA',60.00,5,1,1,NULL),('110010212','CIPROFLOXACINO 500 MG TABLETA',88.50,2,1,1,NULL),('110010213','CEFALEXINA 500 MG CPSULA',92.30,2,1,1,NULL),('110010214','ACICLOVIR 400 MG TABLETA',79.00,2,1,1,NULL),('110010215','AZITROMICINA 500 MG TABLETA',160.00,2,1,1,NULL),('110010216','CLARITROMICINA 500 MG TABLETA',175.00,2,1,1,NULL),('110010217','DOXICICLINA 100 MG TABLETA',67.25,2,1,1,NULL),('110010218','LEVOTIROXINA 50 MCG TABLETA',32.00,10,1,1,NULL),('110010219','GLIBENCLAMIDA 5 MG TABLETA',29.00,10,1,1,NULL),('110010220','INSULINA NPH 100 UI/ML FRASCO',4350.00,10,2,1,NULL),('110010221','INSULINA REGULAR 100 UI/ML FRASCO',4200.00,10,2,1,NULL),('110010222','ASPIRINA 100 MG TABLETA',23.00,3,1,1,NULL),('110010223','WARFARINA 5 MG TABLETA',95.00,1,1,1,NULL),('110010224','HEPARINA SDICA 5000 UI/ML',2250.00,1,3,1,NULL),('110010225','METRONIDAZOL 250 MG TABLETA',55.00,2,1,1,NULL),('110010226','NISTATINA 100000 UI TABLETA',61.00,2,1,1,NULL),('110010227','FLUCONAZOL 150 MG CPSULA',135.00,2,1,1,NULL),('110010228','KETOCONAZOL 200 MG TABLETA',115.00,2,1,1,NULL),('110010261','CLONAZEPAM 0.5 MG TABLETA',65.00,9,1,1,NULL),('110010262','DIAZEPAM 10 MG TABLETA',70.00,9,1,1,NULL),('110010263','BISACODILO 5 MG TABLETA',30.00,5,1,1,NULL),('110010264','LOPERAMIDA 2 MG CPSULA',40.00,5,1,1,NULL),('110010265','DOMPERIDONA 10 MG TABLETA',48.00,5,1,1,NULL),('110010266','ONDANSETRON 4 MG TABLETA',120.00,5,1,1,NULL),('110010267','RIVAROXABAN 20 MG TABLETA',320.00,1,1,1,NULL),('110010268','APIXABAN 5 MG TABLETA',290.00,1,1,1,NULL),('110010269','ENOXAPARINA 40 MG/0.4ML JERINGA',3850.00,1,4,1,NULL),('110010270','FENILEFRINA 10 MG TABLETA',35.00,6,1,1,NULL),('110010271','PSEUDOEFEDRINA 30 MG TABLETA',44.00,6,1,1,NULL),('110010272','OXIMETAZOLINA 0.05% GOTAS NASALES',120.00,6,5,1,NULL),('110010273','DEXTROMETORFANO 15 MG/5ML JARABE',112.00,8,6,1,NULL),('110010274','BROMEXINA 8 MG/5ML JARABE',105.00,8,6,1,NULL),('110010275','AMBROXOL 30 MG/5ML JARABE',99.00,8,6,1,NULL),('110010276','CLORURO DE SODIO 0.9% FRASCO',475.00,10,2,1,NULL),('110010277','GLUCOSA 5% FRASCO',510.00,10,2,1,NULL),('110010278','RINGER LACTATO FRASCO',490.00,10,2,1,NULL),('110010279','KETOROLACO 30 MG/ML AMPOLLAS',185.00,3,3,1,NULL),('110010280','TRAMADOL 100 MG/ML AMPOLLAS',220.00,3,3,1,NULL),('110010281','MORFINA 10 MG/ML AMPOLLAS',285.00,3,3,1,NULL),('110010282','FENTANILO 50 MCG/ML AMPOLLAS',300.00,3,3,1,NULL),('110010283','NEOMICINA + BACITRACINA UNGENTO',290.00,7,7,1,NULL),('110010284','HIDROCORTISONA 1% CREMA',210.00,7,7,1,NULL),('110010285','BETAMETASONA 0.1% CREMA',250.00,7,7,1,NULL),('110010286','CLOTRIMAZOL 1% CREMA',240.00,7,7,1,NULL),('110010287','MICONAZOL 2% CREMA',230.00,7,7,1,NULL),('110010288','NISTATINA 100,000 UI CREMA',225.00,7,7,1,NULL),('110010289','KETOCONAZOL 2% CHAMP',650.00,7,8,1,NULL),('110010290','TRETINONA 0.05% CREMA',800.00,7,7,1,NULL),('110010291','BENZOIL PERXIDO 5% GEL',475.00,7,7,1,NULL),('110010292','ACICLOVIR 5% CREMA',340.00,7,7,1,NULL),('110010293','NAPROXENO SDICO 550 MG TABLETA',90.00,4,1,1,NULL),('110010306','IBUPROFENO 400 MG TABLETA',85.00,3,1,1,NULL),('110010307','AMOXICILINA 500 MG CPSULA',110.00,2,1,1,NULL),('110010308','CLARITROMICINA 250 MG TABLETA',185.00,2,1,1,NULL),('110010309','ENALAPRIL 5 MG TABLETA',46.00,4,1,1,NULL),('110010310','LOSARTN 50 MG TABLETA',58.00,4,1,1,NULL),('110010311','METFORMINA 850 MG TABLETA',60.00,5,1,1,NULL),('110010312','GLICLAZIDA 30 MG TABLETA',72.00,5,1,1,NULL),('110010313','LORATADINA 10 MG TABLETA',42.00,6,1,1,NULL),('110010314','CETIRIZINA 10 MG TABLETA',49.00,6,1,1,NULL),('110010315','OMEPRAZOL 20 MG CPSULA',98.00,7,1,1,NULL),('110010316','FAMOTIDINA 40 MG TABLETA',88.00,7,1,1,NULL),('110010317','SALBUTAMOL SPRAY 100 MCG',2750.00,8,9,1,NULL),('110010318','BUDESONIDA 100 MCG INHALADOR',3600.00,8,17,1,NULL),('110010319','BETAMETASONA CREMA 0.05%',270.00,9,8,1,NULL),('110010320','KETOCONAZOL CREMA 2%',310.00,9,8,1,NULL);
/*!40000 ALTER TABLE `fide_producto_tb` ENABLE KEYS */;
UNLOCK TABLES;

--
-- Table structure for table `fide_unidad_medida_tb`
--

DROP TABLE IF EXISTS `fide_unidad_medida_tb`;
/*!40101 SET @saved_cs_client     = @@character_set_client */;
/*!50503 SET character_set_client = utf8mb4 */;
CREATE TABLE `fide_unidad_medida_tb` (
  `ID_UNIDAD_MEDIDA` int(11) NOT NULL AUTO_INCREMENT,
  `NOMBRE` varchar(50) NOT NULL,
  `ID_ESTADO` int(11) DEFAULT NULL,
  PRIMARY KEY (`ID_UNIDAD_MEDIDA`),
  KEY `FK_UNIDAD_MEDIDA_ESTADO` (`ID_ESTADO`),
  CONSTRAINT `FK_UNIDAD_MEDIDA_ESTADO` FOREIGN KEY (`ID_ESTADO`) REFERENCES `fide_estado_tb` (`ID_ESTADO`)
) ENGINE=InnoDB AUTO_INCREMENT=91 DEFAULT CHARSET=utf8mb4 COLLATE=utf8mb4_general_ci;
/*!40101 SET character_set_client = @saved_cs_client */;

--
-- Dumping data for table `fide_unidad_medida_tb`
--

LOCK TABLES `fide_unidad_medida_tb` WRITE;
/*!40000 ALTER TABLE `fide_unidad_medida_tb` DISABLE KEYS */;
INSERT INTO `fide_unidad_medida_tb` VALUES (1,'Unidad',1),(2,'Tableta',1),(3,'C谩psula',1),(4,'Frasco',1),(5,'Gotas',1),(6,'Ampolla',1),(7,'Sobre',1),(8,'Crema',1),(9,'Gel',1),(10,'Soluci贸n',1),(11,'Jarabe',1),(12,'Polvo',1),(13,'Spray',1),(14,'Parche',1),(15,'Supositorio',1),(16,'Enema',1),(17,'Inhalador',1),(18,'Colirio',1),(19,'Inyectable',1),(20,'Comprimido',1),(21,'Emulsi贸n',1),(22,'Suspensi贸n',1),(23,'vulo',1),(24,'Loci贸n',1),(25,'Vial',1),(26,'Kit',1),(27,'Implante',1),(28,'Jeringa',1),(29,'Champ煤',1),(30,'Ung眉ento',1),(31,'Unidad',1),(32,'Tableta',1),(33,'C谩psula',1),(34,'Frasco',1),(35,'Gotas',1),(36,'Ampolla',1),(37,'Sobre',1),(38,'Crema',1),(39,'Gel',1),(40,'Soluci贸n',1),(41,'Jarabe',1),(42,'Polvo',1),(43,'Spray',1),(44,'Parche',1),(45,'Supositorio',1),(46,'Enema',1),(47,'Inhalador',1),(48,'Colirio',1),(49,'Inyectable',1),(50,'Comprimido',1),(51,'Emulsi贸n',1),(52,'Suspensi贸n',1),(53,'vulo',1),(54,'Loci贸n',1),(55,'Vial',1),(56,'Kit',1),(57,'Implante',1),(58,'Jeringa',1),(59,'Champ煤',1),(60,'Ung眉ento',1),(61,'Unidad',1),(62,'Tableta',1),(63,'C谩psula',1),(64,'Frasco',1),(65,'Gotas',1),(66,'Ampolla',1),(67,'Sobre',1),(68,'Crema',1),(69,'Gel',1),(70,'Soluci贸n',1),(71,'Jarabe',1),(72,'Polvo',1),(73,'Spray',1),(74,'Parche',1),(75,'Supositorio',1),(76,'Enema',1),(77,'Inhalador',1),(78,'Colirio',1),(79,'Inyectable',1),(80,'Comprimido',1),(81,'Emulsi贸n',1),(82,'Suspensi贸n',1),(83,'vulo',1),(84,'Loci贸n',1),(85,'Vial',1),(86,'Kit',1),(87,'Implante',1),(88,'Jeringa',1),(89,'Champ煤',1),(90,'Ung眉ento',1);
/*!40000 ALTER TABLE `fide_unidad_medida_tb` ENABLE KEYS */;
UNLOCK TABLES;

--
-- Temporary view structure for view `historial_kardex_v`
--

DROP TABLE IF EXISTS `historial_kardex_v`;
/*!50001 DROP VIEW IF EXISTS `historial_kardex_v`*/;
SET @saved_cs_client     = @@character_set_client;
/*!50503 SET character_set_client = utf8mb4 */;
/*!50001 CREATE VIEW `historial_kardex_v` AS SELECT 
 1 AS `FECHA_MOVIMIENTO`,
 1 AS `TIPO_MOVIMIENTO`,
 1 AS `CANTIDAD`,
 1 AS `LOTES_AFECTADOS`,
 1 AS `SALDO`,
 1 AS `CODIGO`,
 1 AS `ID_FARMACIA`,
 1 AS `ID_INVENTARIO`*/;
SET character_set_client = @saved_cs_client;

--
-- Table structure for table `rol`
--

DROP TABLE IF EXISTS `rol`;
/*!40101 SET @saved_cs_client     = @@character_set_client */;
/*!50503 SET character_set_client = utf8mb4 */;
CREATE TABLE `rol` (
  `ID` bigint(20) NOT NULL AUTO_INCREMENT,
  `NOMBRE` varchar(50) NOT NULL,
  PRIMARY KEY (`ID`)
) ENGINE=InnoDB AUTO_INCREMENT=3 DEFAULT CHARSET=utf8mb4 COLLATE=utf8mb4_general_ci;
/*!40101 SET character_set_client = @saved_cs_client */;

--
-- Dumping data for table `rol`
--

LOCK TABLES `rol` WRITE;
/*!40000 ALTER TABLE `rol` DISABLE KEYS */;
INSERT INTO `rol` VALUES (1,'CLIENTE'),(2,'ADMIN');
/*!40000 ALTER TABLE `rol` ENABLE KEYS */;
UNLOCK TABLES;

--
-- Table structure for table `terror`
--

DROP TABLE IF EXISTS `terror`;
/*!40101 SET @saved_cs_client     = @@character_set_client */;
/*!50503 SET character_set_client = utf8mb4 */;
CREATE TABLE `terror` (
  `ID_ERROR` int(11) NOT NULL AUTO_INCREMENT,
  `DESCRIPCION` text NOT NULL,
  `FECHAHORA` datetime NOT NULL,
  PRIMARY KEY (`ID_ERROR`)
) ENGINE=InnoDB AUTO_INCREMENT=28 DEFAULT CHARSET=utf8mb4 COLLATE=utf8mb4_general_ci;
/*!40101 SET character_set_client = @saved_cs_client */;

--
-- Dumping data for table `terror`
--

LOCK TABLES `terror` WRITE;
/*!40000 ALTER TABLE `terror` DISABLE KEYS */;
INSERT INTO `terror` VALUES (1,'Column \'ID_INVENTARIO\' cannot be null','2025-07-12 22:49:34'),(2,'Column \'ID_INVENTARIO\' cannot be null','2025-07-12 23:08:36'),(3,'Column \'ID_INVENTARIO\' cannot be null','2025-07-12 23:14:18'),(4,'Column \'ID_INVENTARIO\' cannot be null','2025-07-12 23:14:49'),(5,'No hay suficiente stock en los lotes disponibles.','2025-07-13 14:04:41'),(6,'No hay suficiente stock en los lotes disponibles.','2025-07-13 14:22:09'),(7,'Incorrect number of arguments for PROCEDURE farmaciabd.BuscarProductoPorCodigo; expected 1, got 2','2025-07-13 14:25:23'),(8,'Incorrect number of arguments for PROCEDURE farmaciabd.BuscarProductoPorCodigo; expected 1, got 2','2025-07-13 14:25:37'),(9,'Incorrect number of arguments for PROCEDURE farmaciabd.BuscarProductoPorCodigo; expected 1, got 2','2025-07-13 14:25:44'),(10,'Incorrect number of arguments for PROCEDURE farmaciabd.BuscarProductoPorCodigo; expected 1, got 2','2025-07-13 14:43:21'),(11,'No hay suficiente stock en los lotes disponibles.','2025-07-13 14:44:12'),(12,'Incorrect number of arguments for PROCEDURE farmaciabd.BuscarProductoPorCodigo; expected 1, got 2','2025-07-13 14:48:53'),(13,'Incorrect number of arguments for PROCEDURE farmaciabd.BuscarProductoPorCodigo; expected 1, got 2','2025-07-13 15:05:47'),(14,'Incorrect number of arguments for PROCEDURE farmaciabd.BuscarProductoPorCodigo; expected 1, got 2','2025-07-13 15:09:04'),(15,'Incorrect number of arguments for PROCEDURE farmaciabd.BuscarProductoPorCodigo; expected 1, got 2','2025-07-13 15:25:54'),(16,'Incorrect number of arguments for PROCEDURE farmaciabd.BuscarProductoPorCodigo; expected 1, got 2','2025-07-13 15:29:58'),(17,'Incorrect number of arguments for PROCEDURE farmaciabd.BuscarProductoPorCodigo; expected 1, got 2','2025-07-13 15:44:33'),(18,'Incorrect number of arguments for PROCEDURE farmaciabd.BuscarProductoPorCodigo; expected 1, got 2','2025-07-13 15:51:35'),(19,'No hay suficiente stock acumulado hasta esa fecha para realizar la salida.','2025-07-13 15:54:01'),(20,'Incorrect number of arguments for PROCEDURE farmaciabd.BuscarProductoPorCodigo; expected 1, got 2','2025-07-13 15:58:23'),(21,'Incorrect number of arguments for PROCEDURE farmaciabd.BuscarProductoPorCodigo; expected 1, got 2','2025-07-13 16:41:34'),(22,'Incorrect number of arguments for PROCEDURE farmaciabd.BuscarProductoPorCodigo; expected 1, got 2','2025-07-13 16:46:17'),(23,'Incorrect number of arguments for PROCEDURE farmaciabd.BuscarProductoPorCodigo; expected 1, got 2','2025-07-13 16:49:29'),(24,'Incorrect number of arguments for PROCEDURE farmaciabd.BuscarProductoPorCodigo; expected 1, got 2','2025-07-13 16:54:05'),(25,'Incorrect number of arguments for PROCEDURE farmaciabd.BuscarProductoPorCodigo; expected 1, got 2','2025-07-13 16:56:28'),(26,'Incorrect number of arguments for PROCEDURE farmaciabd.BuscarProductoPorCodigo; expected 1, got 2','2025-07-13 16:58:35'),(27,'Incorrect number of arguments for PROCEDURE farmaciabd.BuscarProductoPorCodigo; expected 1, got 2','2025-07-13 17:00:46');
/*!40000 ALTER TABLE `terror` ENABLE KEYS */;
UNLOCK TABLES;

--
-- Table structure for table `tipo_alerta`
--

DROP TABLE IF EXISTS `tipo_alerta`;
/*!40101 SET @saved_cs_client     = @@character_set_client */;
/*!50503 SET character_set_client = utf8mb4 */;
CREATE TABLE `tipo_alerta` (
  `ID_TIPO_ALERTA` int(11) NOT NULL AUTO_INCREMENT,
  `NOMBRE` varchar(100) NOT NULL,
  `ID_ESTADO` int(11) DEFAULT NULL,
  PRIMARY KEY (`ID_TIPO_ALERTA`),
  KEY `FK_TIPO_ALERTA_ESTADO` (`ID_ESTADO`),
  CONSTRAINT `FK_TIPO_ALERTA_ESTADO` FOREIGN KEY (`ID_ESTADO`) REFERENCES `fide_estado_tb` (`ID_ESTADO`)
) ENGINE=InnoDB DEFAULT CHARSET=utf8mb4 COLLATE=utf8mb4_general_ci;
/*!40101 SET character_set_client = @saved_cs_client */;

--
-- Dumping data for table `tipo_alerta`
--

LOCK TABLES `tipo_alerta` WRITE;
/*!40000 ALTER TABLE `tipo_alerta` DISABLE KEYS */;
/*!40000 ALTER TABLE `tipo_alerta` ENABLE KEYS */;
UNLOCK TABLES;

--
-- Temporary view structure for view `unidad_medida_activa_v`
--

DROP TABLE IF EXISTS `unidad_medida_activa_v`;
/*!50001 DROP VIEW IF EXISTS `unidad_medida_activa_v`*/;
SET @saved_cs_client     = @@character_set_client;
/*!50503 SET character_set_client = utf8mb4 */;
/*!50001 CREATE VIEW `unidad_medida_activa_v` AS SELECT 
 1 AS `ID_UNIDAD_MEDIDA`,
 1 AS `NOMBRE`*/;
SET character_set_client = @saved_cs_client;

--
-- Table structure for table `usuario`
--

DROP TABLE IF EXISTS `usuario`;
/*!40101 SET @saved_cs_client     = @@character_set_client */;
/*!50503 SET character_set_client = utf8mb4 */;
CREATE TABLE `usuario` (
  `ID` bigint(20) NOT NULL AUTO_INCREMENT,
  `NOMBRE` varchar(255) NOT NULL,
  `CORREO` varchar(100) NOT NULL,
  `USUARIO` varchar(50) NOT NULL,
  `CONTRASENA` varchar(100) NOT NULL,
  PRIMARY KEY (`ID`),
  UNIQUE KEY `UQ_USUARIO` (`USUARIO`)
) ENGINE=InnoDB AUTO_INCREMENT=5 DEFAULT CHARSET=utf8mb4 COLLATE=utf8mb4_general_ci;
/*!40101 SET character_set_client = @saved_cs_client */;

--
-- Dumping data for table `usuario`
--

LOCK TABLES `usuario` WRITE;
/*!40000 ALTER TABLE `usuario` DISABLE KEYS */;
INSERT INTO `usuario` VALUES (1,'Josue Navarro','josueadmin@email.com','josue','123'),(2,'Abraham Cascante','abrahamcliente@email.com','abraham','123'),(4,'UsuarioPrueba','usuario@gmail.com','usuario','123');
/*!40000 ALTER TABLE `usuario` ENABLE KEYS */;
UNLOCK TABLES;

--
-- Table structure for table `usuario_rol`
--

DROP TABLE IF EXISTS `usuario_rol`;
/*!40101 SET @saved_cs_client     = @@character_set_client */;
/*!50503 SET character_set_client = utf8mb4 */;
CREATE TABLE `usuario_rol` (
  `USUARIO_ID` bigint(20) NOT NULL,
  `ROL_ID` bigint(20) NOT NULL,
  PRIMARY KEY (`USUARIO_ID`,`ROL_ID`),
  KEY `FK_USUARIO_ROL_ROL` (`ROL_ID`),
  CONSTRAINT `FK_USUARIO_ROL_ROL` FOREIGN KEY (`ROL_ID`) REFERENCES `rol` (`ID`) ON DELETE CASCADE,
  CONSTRAINT `FK_USUARIO_ROL_USUARIO` FOREIGN KEY (`USUARIO_ID`) REFERENCES `usuario` (`ID`) ON DELETE CASCADE
) ENGINE=InnoDB DEFAULT CHARSET=utf8mb4 COLLATE=utf8mb4_general_ci;
/*!40101 SET character_set_client = @saved_cs_client */;

--
-- Dumping data for table `usuario_rol`
--

LOCK TABLES `usuario_rol` WRITE;
/*!40000 ALTER TABLE `usuario_rol` DISABLE KEYS */;
INSERT INTO `usuario_rol` VALUES (1,2),(2,1),(4,1);
/*!40000 ALTER TABLE `usuario_rol` ENABLE KEYS */;
UNLOCK TABLES;

--
-- Dumping events for database 'farmaciabd'
--

--
-- Dumping routines for database 'farmaciabd'
--
/*!50003 DROP PROCEDURE IF EXISTS `ActualizarContrasenna` */;
/*!50003 SET @saved_cs_client      = @@character_set_client */ ;
/*!50003 SET @saved_cs_results     = @@character_set_results */ ;
/*!50003 SET @saved_col_connection = @@collation_connection */ ;
/*!50003 SET character_set_client  = utf8mb4 */ ;
/*!50003 SET character_set_results = utf8mb4 */ ;
/*!50003 SET collation_connection  = utf8mb4_general_ci */ ;
/*!50003 SET @saved_sql_mode       = @@sql_mode */ ;
/*!50003 SET sql_mode              = 'NO_ZERO_IN_DATE,NO_ZERO_DATE,NO_ENGINE_SUBSTITUTION' */ ;
DELIMITER ;;
CREATE DEFINER=`root`@`localhost` PROCEDURE `ActualizarContrasenna`(
    IN pIdUsuario BIGINT(11),
    IN pContrasenna VARCHAR(100)
)
BEGIN
    UPDATE USUARIO
    SET CONTRASENA = pContrasenna
    WHERE ID = pIdUsuario;
END ;;
DELIMITER ;
/*!50003 SET sql_mode              = @saved_sql_mode */ ;
/*!50003 SET character_set_client  = @saved_cs_client */ ;
/*!50003 SET character_set_results = @saved_cs_results */ ;
/*!50003 SET collation_connection  = @saved_col_connection */ ;
/*!50003 DROP PROCEDURE IF EXISTS `BuscarProductoPorCodigo` */;
/*!50003 SET @saved_cs_client      = @@character_set_client */ ;
/*!50003 SET @saved_cs_results     = @@character_set_results */ ;
/*!50003 SET @saved_col_connection = @@collation_connection */ ;
/*!50003 SET character_set_client  = utf8mb4 */ ;
/*!50003 SET character_set_results = utf8mb4 */ ;
/*!50003 SET collation_connection  = utf8mb4_general_ci */ ;
/*!50003 SET @saved_sql_mode       = @@sql_mode */ ;
/*!50003 SET sql_mode              = 'NO_ZERO_IN_DATE,NO_ZERO_DATE,NO_ENGINE_SUBSTITUTION' */ ;
DELIMITER ;;
CREATE DEFINER=`root`@`localhost` PROCEDURE `BuscarProductoPorCodigo`(
    IN p_codigo VARCHAR(20),
    IN p_id_farmacia INT
)
BEGIN
    SELECT 
        P.CODIGO, 
        P.NOMBRE, 
        U.NOMBRE AS UNIDAD, 
        I.CANTIDAD_DISPONIBLE
    FROM FIDE_PRODUCTO_TB P
    JOIN FIDE_UNIDAD_MEDIDA_TB U ON P.ID_UNIDAD_MEDIDA = U.ID_UNIDAD_MEDIDA
    JOIN FIDE_INVENTARIO_TB I ON P.CODIGO = I.CODIGO
    WHERE P.CODIGO = p_codigo
      AND I.ID_FARMACIA = p_id_farmacia
    LIMIT 1;
END ;;
DELIMITER ;
/*!50003 SET sql_mode              = @saved_sql_mode */ ;
/*!50003 SET character_set_client  = @saved_cs_client */ ;
/*!50003 SET character_set_results = @saved_cs_results */ ;
/*!50003 SET collation_connection  = @saved_col_connection */ ;
/*!50003 DROP PROCEDURE IF EXISTS `convertir_usuario_en_cliente` */;
/*!50003 SET @saved_cs_client      = @@character_set_client */ ;
/*!50003 SET @saved_cs_results     = @@character_set_results */ ;
/*!50003 SET @saved_col_connection = @@collation_connection */ ;
/*!50003 SET character_set_client  = utf8mb4 */ ;
/*!50003 SET character_set_results = utf8mb4 */ ;
/*!50003 SET collation_connection  = utf8mb4_general_ci */ ;
/*!50003 SET @saved_sql_mode       = @@sql_mode */ ;
/*!50003 SET sql_mode              = 'NO_ZERO_IN_DATE,NO_ZERO_DATE,NO_ENGINE_SUBSTITUTION' */ ;
DELIMITER ;;
CREATE DEFINER=`root`@`localhost` PROCEDURE `convertir_usuario_en_cliente`(
    IN p_usuario VARCHAR(50),
    IN p_cedula VARCHAR(20),
    IN p_telefono VARCHAR(20),
    IN p_direccion VARCHAR(255),
    IN p_fecha_nacimiento DATE,
    IN p_sexo VARCHAR(10),
    IN p_alergias TEXT
)
BEGIN
    DECLARE v_usuario_id BIGINT;
    DECLARE v_rol_cliente_id BIGINT DEFAULT 1;
    DECLARE v_rol_admin_id BIGINT DEFAULT 2;
    DECLARE v_existente INT;

    SELECT COUNT(*) INTO v_existente
    FROM USUARIO
    WHERE USUARIO = p_usuario;

    IF v_existente = 0 THEN
        SIGNAL SQLSTATE '45000' SET MESSAGE_TEXT = 'El usuario no existe.';
    END IF;

    SELECT ID INTO v_usuario_id
    FROM USUARIO
    WHERE USUARIO = p_usuario;

    SELECT COUNT(*) INTO v_existente
    FROM USUARIO_ROL
    WHERE USUARIO_ID = v_usuario_id AND ROL_ID = v_rol_admin_id;

    IF v_existente > 0 THEN
        SIGNAL SQLSTATE '45000' SET MESSAGE_TEXT = 'El usuario tiene rol ADMIN. No puede convertirse en CLIENTE.';
    END IF;

    SELECT COUNT(*) INTO v_existente
    FROM USUARIO_ROL
    WHERE USUARIO_ID = v_usuario_id AND ROL_ID = v_rol_cliente_id;

    IF v_existente = 0 THEN
        INSERT INTO USUARIO_ROL (USUARIO_ID, ROL_ID)
        VALUES (v_usuario_id, v_rol_cliente_id);
    END IF;

    SELECT COUNT(*) INTO v_existente
    FROM CLIENTE
    WHERE ID_USUARIO = v_usuario_id;

    IF v_existente = 0 THEN
        INSERT INTO CLIENTE (
            ID_USUARIO,
            CEDULA,
            TELEFONO,
            DIRECCION,
            FECHA_NACIMIENTO,
            SEXO,
            ALERGIAS
        ) VALUES (
            v_usuario_id,
            p_cedula,
            p_telefono,
            p_direccion,
            p_fecha_nacimiento,
            p_sexo,
            p_alergias
        );
    END IF;
END ;;
DELIMITER ;
/*!50003 SET sql_mode              = @saved_sql_mode */ ;
/*!50003 SET character_set_client  = @saved_cs_client */ ;
/*!50003 SET character_set_results = @saved_cs_results */ ;
/*!50003 SET collation_connection  = @saved_col_connection */ ;
/*!50003 DROP PROCEDURE IF EXISTS `FIDE_PRODUCTO_INSERTAR_SP` */;
/*!50003 SET @saved_cs_client      = @@character_set_client */ ;
/*!50003 SET @saved_cs_results     = @@character_set_results */ ;
/*!50003 SET @saved_col_connection = @@collation_connection */ ;
/*!50003 SET character_set_client  = utf8mb4 */ ;
/*!50003 SET character_set_results = utf8mb4 */ ;
/*!50003 SET collation_connection  = utf8mb4_general_ci */ ;
/*!50003 SET @saved_sql_mode       = @@sql_mode */ ;
/*!50003 SET sql_mode              = 'NO_ZERO_IN_DATE,NO_ZERO_DATE,NO_ENGINE_SUBSTITUTION' */ ;
DELIMITER ;;
CREATE DEFINER=`root`@`localhost` PROCEDURE `FIDE_PRODUCTO_INSERTAR_SP`(
    IN p_NOMBRE VARCHAR(100),
    IN p_CODIGO VARCHAR(20),
    IN p_PRECIO_UNITARIO DECIMAL(10,2),
    IN p_ID_CATEGORIA_PRODUCTO INT,
    IN p_ID_UNIDAD_MEDIDA INT,
    IN p_ID_ESTADO INT
)
BEGIN
    INSERT INTO FIDE_PRODUCTO_TB (
        NOMBRE, CODIGO, PRECIO_UNITARIO,
        ID_CATEGORIA_PRODUCTO, ID_UNIDAD_MEDIDA, ID_ESTADO
    )
    VALUES (
        p_NOMBRE, p_CODIGO, p_PRECIO_UNITARIO,
        p_ID_CATEGORIA_PRODUCTO, p_ID_UNIDAD_MEDIDA, p_ID_ESTADO
    );
END ;;
DELIMITER ;
/*!50003 SET sql_mode              = @saved_sql_mode */ ;
/*!50003 SET character_set_client  = @saved_cs_client */ ;
/*!50003 SET character_set_results = @saved_cs_results */ ;
/*!50003 SET collation_connection  = @saved_col_connection */ ;
/*!50003 DROP PROCEDURE IF EXISTS `GenerarSalidaPorLotes` */;
/*!50003 SET @saved_cs_client      = @@character_set_client */ ;
/*!50003 SET @saved_cs_results     = @@character_set_results */ ;
/*!50003 SET @saved_col_connection = @@collation_connection */ ;
/*!50003 SET character_set_client  = utf8mb4 */ ;
/*!50003 SET character_set_results = utf8mb4 */ ;
/*!50003 SET collation_connection  = utf8mb4_general_ci */ ;
/*!50003 SET @saved_sql_mode       = @@sql_mode */ ;
/*!50003 SET sql_mode              = 'NO_ZERO_IN_DATE,NO_ZERO_DATE,NO_ENGINE_SUBSTITUTION' */ ;
DELIMITER ;;
CREATE DEFINER=`root`@`localhost` PROCEDURE `GenerarSalidaPorLotes`(
    IN p_codigo_producto VARCHAR(20),
    IN p_id_farmacia INT,
    IN p_cantidad_total INT,
    IN p_fecha_movimiento DATE,
    IN p_descripcion VARCHAR(255),
    IN p_empresa VARCHAR(100)
)
BEGIN
    DECLARE v_cantidad_restante INT DEFAULT 0;
    DECLARE v_id_inventario INT;
    DECLARE v_id_lote INT;
    DECLARE v_numero_lote VARCHAR(100);
    DECLARE v_fecha_venc DATE;
    DECLARE v_cantidad_en_lote INT;
    DECLARE v_stock_fecha INT;
    DECLARE v_total_retirado INT DEFAULT 0; --  NUEVO

    -- Cursor y handler deben declararse ANTES de cualquier otra l贸gica
    DECLARE lote_cursor CURSOR FOR
        SELECT 
            L.ID_LOTE, L.NUMERO_LOTE, L.FECHA_VENCIMIENTO,
            SUM(CASE 
                WHEN M.TIPO_MOVIMIENTO = 'Entrada' THEN M.CANTIDAD
                WHEN M.TIPO_MOVIMIENTO = 'Salida' THEN -M.CANTIDAD
                ELSE 0
            END) AS CANTIDAD_EN_LOTE
        FROM FIDE_MOVIMIENTO_TB M
        JOIN FIDE_LOTE_TB L ON M.ID_LOTE = L.ID_LOTE
        WHERE L.CODIGO = p_codigo_producto AND M.ID_FARMACIA = p_id_farmacia
          AND M.FECHA_MOVIMIENTO <= p_fecha_movimiento
        GROUP BY L.ID_LOTE, L.NUMERO_LOTE, L.FECHA_VENCIMIENTO
        HAVING CANTIDAD_EN_LOTE > 0
        ORDER BY L.FECHA_VENCIMIENTO ASC;

    DECLARE CONTINUE HANDLER FOR NOT FOUND SET v_id_lote = NULL;

    SET v_cantidad_restante = p_cantidad_total;

    -- Validaci贸n previa
    SELECT 
        IFNULL(SUM(CASE 
            WHEN TIPO_MOVIMIENTO = 'Entrada' THEN CANTIDAD
            WHEN TIPO_MOVIMIENTO = 'Salida' THEN -CANTIDAD
            ELSE 0
        END), 0)
    INTO v_stock_fecha
    FROM FIDE_MOVIMIENTO_TB M
    JOIN FIDE_INVENTARIO_TB I ON M.ID_INVENTARIO = I.ID_INVENTARIO
    WHERE I.CODIGO = p_codigo_producto
      AND M.ID_FARMACIA = p_id_farmacia
      AND M.FECHA_MOVIMIENTO <= p_fecha_movimiento;

    IF v_stock_fecha < p_cantidad_total THEN
        SIGNAL SQLSTATE '45000'
        SET MESSAGE_TEXT = 'No hay suficiente stock acumulado hasta esa fecha para realizar la salida.';
    END IF;

    SELECT ID_INVENTARIO INTO v_id_inventario
    FROM FIDE_INVENTARIO_TB
    WHERE CODIGO = p_codigo_producto AND ID_FARMACIA = p_id_farmacia
    LIMIT 1;

    OPEN lote_cursor;

    lote_loop: LOOP
        FETCH lote_cursor INTO v_id_lote, v_numero_lote, v_fecha_venc, v_cantidad_en_lote;

        IF v_id_lote IS NULL OR v_cantidad_restante <= 0 THEN
            LEAVE lote_loop;
        END IF;

        IF v_cantidad_en_lote >= v_cantidad_restante THEN
            INSERT INTO FIDE_MOVIMIENTO_TB (
                ID_INVENTARIO, ID_LOTE, FECHA_MOVIMIENTO, FECHA_VENCIMIENTO,
                TIPO_MOVIMIENTO, CANTIDAD, DESCRIPCION, EMPRESA, ID_FARMACIA
            ) VALUES (
                v_id_inventario, v_id_lote, p_fecha_movimiento, v_fecha_venc,
                'Salida', v_cantidad_restante, p_descripcion, p_empresa, p_id_farmacia
            );

            SET v_total_retirado = v_total_retirado + v_cantidad_restante; --  NUEVO
            SET v_cantidad_restante = 0;
        ELSE
            INSERT INTO FIDE_MOVIMIENTO_TB (
                ID_INVENTARIO, ID_LOTE, FECHA_MOVIMIENTO, FECHA_VENCIMIENTO,
                TIPO_MOVIMIENTO, CANTIDAD, DESCRIPCION, EMPRESA, ID_FARMACIA
            ) VALUES (
                v_id_inventario, v_id_lote, p_fecha_movimiento, v_fecha_venc,
                'Salida', v_cantidad_en_lote, p_descripcion, p_empresa, p_id_farmacia
            );

            SET v_total_retirado = v_total_retirado + v_cantidad_en_lote; --  NUEVO
            SET v_cantidad_restante = v_cantidad_restante - v_cantidad_en_lote;
        END IF;
    END LOOP;

    CLOSE lote_cursor;

    --  NUEVO: actualizar solo una vez el saldo
    UPDATE FIDE_INVENTARIO_TB
    SET CANTIDAD_DISPONIBLE = CANTIDAD_DISPONIBLE - v_total_retirado
    WHERE ID_INVENTARIO = v_id_inventario;
END ;;
DELIMITER ;
/*!50003 SET sql_mode              = @saved_sql_mode */ ;
/*!50003 SET character_set_client  = @saved_cs_client */ ;
/*!50003 SET character_set_results = @saved_cs_results */ ;
/*!50003 SET collation_connection  = @saved_col_connection */ ;
/*!50003 DROP PROCEDURE IF EXISTS `InsertarMovimiento` */;
/*!50003 SET @saved_cs_client      = @@character_set_client */ ;
/*!50003 SET @saved_cs_results     = @@character_set_results */ ;
/*!50003 SET @saved_col_connection = @@collation_connection */ ;
/*!50003 SET character_set_client  = utf8mb4 */ ;
/*!50003 SET character_set_results = utf8mb4 */ ;
/*!50003 SET collation_connection  = utf8mb4_general_ci */ ;
/*!50003 SET @saved_sql_mode       = @@sql_mode */ ;
/*!50003 SET sql_mode              = 'NO_ZERO_IN_DATE,NO_ZERO_DATE,NO_ENGINE_SUBSTITUTION' */ ;
DELIMITER ;;
CREATE DEFINER=`root`@`localhost` PROCEDURE `InsertarMovimiento`(
    IN p_codigo_producto VARCHAR(20),
    IN p_numero_lote VARCHAR(100),
    IN p_fecha_vencimiento DATE,
    IN p_fecha_movimiento DATE,
    IN p_tipo_movimiento VARCHAR(10),
    IN p_cantidad INT,
    IN p_descripcion VARCHAR(255),
    IN p_empresa VARCHAR(100),
    IN p_id_farmacia INT
)
BEGIN
    DECLARE v_id_lote INT;
    DECLARE v_id_inventario INT;
    DECLARE v_saldo_actual INT;
    DECLARE v_stock_a_fecha INT;

    -- Buscar lote por producto, n煤mero y vencimiento
    SELECT ID_LOTE INTO v_id_lote
    FROM FIDE_LOTE_TB
    WHERE CODIGO = p_codigo_producto
      AND NUMERO_LOTE = p_numero_lote
      AND FECHA_VENCIMIENTO = p_fecha_vencimiento
    LIMIT 1;

    -- Si no existe el lote, se crea
    IF v_id_lote IS NULL THEN
        INSERT INTO FIDE_LOTE_TB (
            CODIGO, NUMERO_LOTE, FECHA_ELABORADO, FECHA_VENCIMIENTO, ID_ESTADO
        ) VALUES (
            p_codigo_producto, p_numero_lote, p_fecha_movimiento, p_fecha_vencimiento, 1
        );

        SET v_id_lote = LAST_INSERT_ID();
    END IF;

    -- Verificar si ya est谩 en inventario de la farmacia
    SELECT ID_INVENTARIO, CANTIDAD_DISPONIBLE INTO v_id_inventario, v_saldo_actual
    FROM FIDE_INVENTARIO_TB
    WHERE CODIGO = p_codigo_producto AND ID_FARMACIA = p_id_farmacia
    LIMIT 1;

    -- Si no existe, se inserta el registro en inventario
    IF v_id_inventario IS NULL THEN
        INSERT INTO FIDE_INVENTARIO_TB (
            CODIGO, CANTIDAD_DISPONIBLE, STOCK_MINIMO, STOCK_MAXIMO,
            ID_FARMACIA, ID_ESTADO
        ) VALUES (
            p_codigo_producto, 0, 0, 0,
            p_id_farmacia, 1
        );

        SET v_id_inventario = LAST_INSERT_ID();
        SET v_saldo_actual = 0;
    END IF;

    -- Validaci贸n: si tipo salida y hay menos cantidad disponible hasta esa fecha
    IF p_tipo_movimiento = 'Salida' THEN
        SELECT 
            IFNULL(SUM(CASE 
                WHEN TIPO_MOVIMIENTO = 'Entrada' THEN CANTIDAD
                WHEN TIPO_MOVIMIENTO = 'Salida' THEN -CANTIDAD
                ELSE 0
            END), 0)
        INTO v_stock_a_fecha
        FROM FIDE_MOVIMIENTO_TB
        WHERE ID_INVENTARIO = v_id_inventario
          AND ID_FARMACIA = p_id_farmacia
          AND FECHA_MOVIMIENTO <= p_fecha_movimiento;

        IF v_stock_a_fecha < p_cantidad THEN
            SIGNAL SQLSTATE '45000'
            SET MESSAGE_TEXT = 'No hay suficiente stock disponible para esa fecha de salida.';
        END IF;
    END IF;

    -- Actualizar inventario seg煤n tipo
    IF p_tipo_movimiento = 'Entrada' THEN
        UPDATE FIDE_INVENTARIO_TB
        SET CANTIDAD_DISPONIBLE = v_saldo_actual + p_cantidad
        WHERE ID_INVENTARIO = v_id_inventario;
    ELSE
        UPDATE FIDE_INVENTARIO_TB
        SET CANTIDAD_DISPONIBLE = v_saldo_actual - p_cantidad
        WHERE ID_INVENTARIO = v_id_inventario;
    END IF;

    -- Insertar movimiento
    INSERT INTO FIDE_MOVIMIENTO_TB (
        ID_INVENTARIO, ID_LOTE, FECHA_MOVIMIENTO, FECHA_VENCIMIENTO,
        TIPO_MOVIMIENTO, CANTIDAD, DESCRIPCION, EMPRESA, ID_FARMACIA
    ) VALUES (
        v_id_inventario, v_id_lote, p_fecha_movimiento, p_fecha_vencimiento,
        p_tipo_movimiento, p_cantidad, p_descripcion, p_empresa, p_id_farmacia
    );
END ;;
DELIMITER ;
/*!50003 SET sql_mode              = @saved_sql_mode */ ;
/*!50003 SET character_set_client  = @saved_cs_client */ ;
/*!50003 SET character_set_results = @saved_cs_results */ ;
/*!50003 SET collation_connection  = @saved_col_connection */ ;
/*!50003 DROP PROCEDURE IF EXISTS `ObtenerHistorialKardex` */;
/*!50003 SET @saved_cs_client      = @@character_set_client */ ;
/*!50003 SET @saved_cs_results     = @@character_set_results */ ;
/*!50003 SET @saved_col_connection = @@collation_connection */ ;
/*!50003 SET character_set_client  = utf8mb4 */ ;
/*!50003 SET character_set_results = utf8mb4 */ ;
/*!50003 SET collation_connection  = utf8mb4_general_ci */ ;
/*!50003 SET @saved_sql_mode       = @@sql_mode */ ;
/*!50003 SET sql_mode              = 'NO_ZERO_IN_DATE,NO_ZERO_DATE,NO_ENGINE_SUBSTITUTION' */ ;
DELIMITER ;;
CREATE DEFINER=`root`@`localhost` PROCEDURE `ObtenerHistorialKardex`(
    IN p_codigo VARCHAR(20),
    IN p_id_farmacia INT
)
BEGIN
    SELECT *
    FROM HISTORIAL_KARDEX_V
    WHERE CODIGO = p_codigo
      AND ID_FARMACIA = p_id_farmacia
    ORDER BY FECHA_MOVIMIENTO ASC;
END ;;
DELIMITER ;
/*!50003 SET sql_mode              = @saved_sql_mode */ ;
/*!50003 SET character_set_client  = @saved_cs_client */ ;
/*!50003 SET character_set_results = @saved_cs_results */ ;
/*!50003 SET collation_connection  = @saved_col_connection */ ;
/*!50003 DROP PROCEDURE IF EXISTS `ObtenerHistorialMovimientos` */;
/*!50003 SET @saved_cs_client      = @@character_set_client */ ;
/*!50003 SET @saved_cs_results     = @@character_set_results */ ;
/*!50003 SET @saved_col_connection = @@collation_connection */ ;
/*!50003 SET character_set_client  = utf8mb4 */ ;
/*!50003 SET character_set_results = utf8mb4 */ ;
/*!50003 SET collation_connection  = utf8mb4_general_ci */ ;
/*!50003 SET @saved_sql_mode       = @@sql_mode */ ;
/*!50003 SET sql_mode              = 'NO_ZERO_IN_DATE,NO_ZERO_DATE,NO_ENGINE_SUBSTITUTION' */ ;
DELIMITER ;;
CREATE DEFINER=`root`@`localhost` PROCEDURE `ObtenerHistorialMovimientos`(
    IN p_codigo_producto VARCHAR(20),
    IN p_id_farmacia INT
)
BEGIN
    SET @saldo := 0;

    SELECT 
        Movs.FECHA_MOVIMIENTO,
        Movs.TIPO_MOVIMIENTO,
        CONCAT(
            IF(Movs.TIPO_MOVIMIENTO = 'Entrada', '+', '-'),
            Movs.CANTIDAD
        ) AS CANTIDAD,
        @saldo := @saldo + 
            (CASE 
                WHEN Movs.TIPO_MOVIMIENTO = 'Entrada' THEN Movs.CANTIDAD 
                ELSE -Movs.CANTIDAD 
            END) AS SALDO
    FROM (
        SELECT M.FECHA_MOVIMIENTO, M.TIPO_MOVIMIENTO, M.CANTIDAD
        FROM FIDE_MOVIMIENTO_TB M
        JOIN FIDE_INVENTARIO_TB I ON M.ID_INVENTARIO = I.ID_INVENTARIO
        WHERE I.CODIGO = p_codigo_producto AND M.ID_FARMACIA = p_id_farmacia
        ORDER BY M.FECHA_MOVIMIENTO ASC
    ) AS Movs;
END ;;
DELIMITER ;
/*!50003 SET sql_mode              = @saved_sql_mode */ ;
/*!50003 SET character_set_client  = @saved_cs_client */ ;
/*!50003 SET character_set_results = @saved_cs_results */ ;
/*!50003 SET collation_connection  = @saved_col_connection */ ;
/*!50003 DROP PROCEDURE IF EXISTS `ObtenerLotesDisponiblesPorProducto` */;
/*!50003 SET @saved_cs_client      = @@character_set_client */ ;
/*!50003 SET @saved_cs_results     = @@character_set_results */ ;
/*!50003 SET @saved_col_connection = @@collation_connection */ ;
/*!50003 SET character_set_client  = utf8mb4 */ ;
/*!50003 SET character_set_results = utf8mb4 */ ;
/*!50003 SET collation_connection  = utf8mb4_general_ci */ ;
/*!50003 SET @saved_sql_mode       = @@sql_mode */ ;
/*!50003 SET sql_mode              = 'NO_ZERO_IN_DATE,NO_ZERO_DATE,NO_ENGINE_SUBSTITUTION' */ ;
DELIMITER ;;
CREATE DEFINER=`root`@`localhost` PROCEDURE `ObtenerLotesDisponiblesPorProducto`(
    IN p_codigo_producto VARCHAR(20),
    IN p_id_farmacia INT
)
BEGIN
    SELECT
        L.CODIGO,
        L.NUMERO_LOTE,
        L.FECHA_VENCIMIENTO,
        F.NOMBRE AS NOMBRE_FARMACIA,
        SUM(
            CASE
                WHEN M.TIPO_MOVIMIENTO = 'Entrada' THEN M.CANTIDAD
                WHEN M.TIPO_MOVIMIENTO = 'Salida' THEN -M.CANTIDAD
                ELSE 0
            END
        ) AS CANTIDAD_EN_LOTE
    FROM FIDE_MOVIMIENTO_TB M
    JOIN FIDE_LOTE_TB L ON M.ID_LOTE = L.ID_LOTE
    JOIN FIDE_FARMACIA_TB F ON M.ID_FARMACIA = F.ID_FARMACIA
    WHERE L.CODIGO = p_codigo_producto
      AND M.ID_FARMACIA = p_id_farmacia
    GROUP BY L.CODIGO, L.NUMERO_LOTE, L.FECHA_VENCIMIENTO, F.NOMBRE
    HAVING CANTIDAD_EN_LOTE > 0
    ORDER BY L.FECHA_VENCIMIENTO ASC;
END ;;
DELIMITER ;
/*!50003 SET sql_mode              = @saved_sql_mode */ ;
/*!50003 SET character_set_client  = @saved_cs_client */ ;
/*!50003 SET character_set_results = @saved_cs_results */ ;
/*!50003 SET collation_connection  = @saved_col_connection */ ;
/*!50003 DROP PROCEDURE IF EXISTS `ObtenerStockDisponible` */;
/*!50003 SET @saved_cs_client      = @@character_set_client */ ;
/*!50003 SET @saved_cs_results     = @@character_set_results */ ;
/*!50003 SET @saved_col_connection = @@collation_connection */ ;
/*!50003 SET character_set_client  = utf8mb4 */ ;
/*!50003 SET character_set_results = utf8mb4 */ ;
/*!50003 SET collation_connection  = utf8mb4_general_ci */ ;
/*!50003 SET @saved_sql_mode       = @@sql_mode */ ;
/*!50003 SET sql_mode              = 'NO_ZERO_IN_DATE,NO_ZERO_DATE,NO_ENGINE_SUBSTITUTION' */ ;
DELIMITER ;;
CREATE DEFINER=`root`@`localhost` PROCEDURE `ObtenerStockDisponible`(
    IN p_codigo_producto VARCHAR(20),
    IN p_id_farmacia INT
)
BEGIN
    SELECT CANTIDAD_DISPONIBLE
    FROM FIDE_INVENTARIO_TB
    WHERE CODIGO = p_codigo_producto AND ID_FARMACIA = p_id_farmacia
    LIMIT 1;
END ;;
DELIMITER ;
/*!50003 SET sql_mode              = @saved_sql_mode */ ;
/*!50003 SET character_set_client  = @saved_cs_client */ ;
/*!50003 SET character_set_results = @saved_cs_results */ ;
/*!50003 SET collation_connection  = @saved_col_connection */ ;
/*!50003 DROP PROCEDURE IF EXISTS `RegistrarError` */;
/*!50003 SET @saved_cs_client      = @@character_set_client */ ;
/*!50003 SET @saved_cs_results     = @@character_set_results */ ;
/*!50003 SET @saved_col_connection = @@collation_connection */ ;
/*!50003 SET character_set_client  = utf8mb4 */ ;
/*!50003 SET character_set_results = utf8mb4 */ ;
/*!50003 SET collation_connection  = utf8mb4_general_ci */ ;
/*!50003 SET @saved_sql_mode       = @@sql_mode */ ;
/*!50003 SET sql_mode              = 'NO_ZERO_IN_DATE,NO_ZERO_DATE,NO_ENGINE_SUBSTITUTION' */ ;
DELIMITER ;;
CREATE DEFINER=`root`@`localhost` PROCEDURE `RegistrarError`(
    IN pDescripcion VARCHAR(5000)
)
BEGIN
    INSERT INTO TERROR (DESCRIPCION, FECHAHORA)
    VALUES (pDescripcion, NOW());
END ;;
DELIMITER ;
/*!50003 SET sql_mode              = @saved_sql_mode */ ;
/*!50003 SET character_set_client  = @saved_cs_client */ ;
/*!50003 SET character_set_results = @saved_cs_results */ ;
/*!50003 SET collation_connection  = @saved_col_connection */ ;
/*!50003 DROP PROCEDURE IF EXISTS `RegistrarUsuario` */;
/*!50003 SET @saved_cs_client      = @@character_set_client */ ;
/*!50003 SET @saved_cs_results     = @@character_set_results */ ;
/*!50003 SET @saved_col_connection = @@collation_connection */ ;
/*!50003 SET character_set_client  = utf8mb4 */ ;
/*!50003 SET character_set_results = utf8mb4 */ ;
/*!50003 SET collation_connection  = utf8mb4_general_ci */ ;
/*!50003 SET @saved_sql_mode       = @@sql_mode */ ;
/*!50003 SET sql_mode              = 'NO_ZERO_IN_DATE,NO_ZERO_DATE,NO_ENGINE_SUBSTITUTION' */ ;
DELIMITER ;;
CREATE DEFINER=`root`@`localhost` PROCEDURE `RegistrarUsuario`(
    IN pnombre VARCHAR(255),
    IN pcorreo VARCHAR(100),
    IN pusuario VARCHAR(50),
    IN pcontrasena VARCHAR(100)
)
BEGIN
    INSERT INTO USUARIO (NOMBRE, CORREO, USUARIO, CONTRASENA)
    VALUES (pnombre, pcorreo, pusuario, pcontrasena);
    -- Asignar rol por defecto (CLIENTE con ID = 1)
    INSERT INTO USUARIO_ROL (USUARIO_ID, ROL_ID)
    VALUES (LAST_INSERT_ID(),1);

END ;;
DELIMITER ;
/*!50003 SET sql_mode              = @saved_sql_mode */ ;
/*!50003 SET character_set_client  = @saved_cs_client */ ;
/*!50003 SET character_set_results = @saved_cs_results */ ;
/*!50003 SET collation_connection  = @saved_col_connection */ ;
/*!50003 DROP PROCEDURE IF EXISTS `ValidarCorreo` */;
/*!50003 SET @saved_cs_client      = @@character_set_client */ ;
/*!50003 SET @saved_cs_results     = @@character_set_results */ ;
/*!50003 SET @saved_col_connection = @@collation_connection */ ;
/*!50003 SET character_set_client  = utf8mb4 */ ;
/*!50003 SET character_set_results = utf8mb4 */ ;
/*!50003 SET collation_connection  = utf8mb4_general_ci */ ;
/*!50003 SET @saved_sql_mode       = @@sql_mode */ ;
/*!50003 SET sql_mode              = 'NO_ZERO_IN_DATE,NO_ZERO_DATE,NO_ENGINE_SUBSTITUTION' */ ;
DELIMITER ;;
CREATE DEFINER=`root`@`localhost` PROCEDURE `ValidarCorreo`(pcorreo VARCHAR(100))
BEGIN
    SELECT NOMBRE, ID
    FROM USUARIO
    WHERE CORREO = pcorreo;
END ;;
DELIMITER ;
/*!50003 SET sql_mode              = @saved_sql_mode */ ;
/*!50003 SET character_set_client  = @saved_cs_client */ ;
/*!50003 SET character_set_results = @saved_cs_results */ ;
/*!50003 SET collation_connection  = @saved_col_connection */ ;
/*!50003 DROP PROCEDURE IF EXISTS `ValidarInicioSesion` */;
/*!50003 SET @saved_cs_client      = @@character_set_client */ ;
/*!50003 SET @saved_cs_results     = @@character_set_results */ ;
/*!50003 SET @saved_col_connection = @@collation_connection */ ;
/*!50003 SET character_set_client  = utf8mb4 */ ;
/*!50003 SET character_set_results = utf8mb4 */ ;
/*!50003 SET collation_connection  = utf8mb4_general_ci */ ;
/*!50003 SET @saved_sql_mode       = @@sql_mode */ ;
/*!50003 SET sql_mode              = 'NO_ZERO_IN_DATE,NO_ZERO_DATE,NO_ENGINE_SUBSTITUTION' */ ;
DELIMITER ;;
CREATE DEFINER=`root`@`localhost` PROCEDURE `ValidarInicioSesion`(
    IN pcorreo VARCHAR(100),
    IN pcontrasena VARCHAR(100)
)
BEGIN
    SELECT 
        u.ID,
        u.NOMBRE,
        u.CORREO,
        u.USUARIO,
        u.CONTRASENA,
        r.NOMBRE AS ROL
    FROM USUARIO u
    JOIN USUARIO_ROL ur ON u.ID = ur.USUARIO_ID
    JOIN ROL r ON r.ID = ur.ROL_ID
    WHERE u.CORREO = pcorreo
      AND u.CONTRASENA = pcontrasena;
END ;;
DELIMITER ;
/*!50003 SET sql_mode              = @saved_sql_mode */ ;
/*!50003 SET character_set_client  = @saved_cs_client */ ;
/*!50003 SET character_set_results = @saved_cs_results */ ;
/*!50003 SET collation_connection  = @saved_col_connection */ ;

--
-- Final view structure for view `categoria_producto_activa_v`
--

/*!50001 DROP VIEW IF EXISTS `categoria_producto_activa_v`*/;
/*!50001 SET @saved_cs_client          = @@character_set_client */;
/*!50001 SET @saved_cs_results         = @@character_set_results */;
/*!50001 SET @saved_col_connection     = @@collation_connection */;
/*!50001 SET character_set_client      = utf8mb4 */;
/*!50001 SET character_set_results     = utf8mb4 */;
/*!50001 SET collation_connection      = utf8mb4_general_ci */;
/*!50001 CREATE ALGORITHM=UNDEFINED */
/*!50013 DEFINER=`root`@`localhost` SQL SECURITY DEFINER */
/*!50001 VIEW `categoria_producto_activa_v` AS select `fide_categoria_producto_tb`.`ID_CATEGORIA_PRODUCTO` AS `ID_CATEGORIA_PRODUCTO`,`fide_categoria_producto_tb`.`NOMBRE` AS `NOMBRE` from `fide_categoria_producto_tb` where `fide_categoria_producto_tb`.`ID_ESTADO` = 1 */;
/*!50001 SET character_set_client      = @saved_cs_client */;
/*!50001 SET character_set_results     = @saved_cs_results */;
/*!50001 SET collation_connection      = @saved_col_connection */;

--
-- Final view structure for view `farmacias_v`
--

/*!50001 DROP VIEW IF EXISTS `farmacias_v`*/;
/*!50001 SET @saved_cs_client          = @@character_set_client */;
/*!50001 SET @saved_cs_results         = @@character_set_results */;
/*!50001 SET @saved_col_connection     = @@collation_connection */;
/*!50001 SET character_set_client      = utf8mb4 */;
/*!50001 SET character_set_results     = utf8mb4 */;
/*!50001 SET collation_connection      = utf8mb4_general_ci */;
/*!50001 CREATE ALGORITHM=UNDEFINED */
/*!50013 DEFINER=`root`@`localhost` SQL SECURITY DEFINER */
/*!50001 VIEW `farmacias_v` AS select `fide_farmacia_tb`.`ID_FARMACIA` AS `ID_FARMACIA`,`fide_farmacia_tb`.`NOMBRE` AS `NOMBRE` from `fide_farmacia_tb` where `fide_farmacia_tb`.`ID_ESTADO` = 1 */;
/*!50001 SET character_set_client      = @saved_cs_client */;
/*!50001 SET character_set_results     = @saved_cs_results */;
/*!50001 SET collation_connection      = @saved_col_connection */;

--
-- Final view structure for view `historial_kardex_v`
--

/*!50001 DROP VIEW IF EXISTS `historial_kardex_v`*/;
/*!50001 SET @saved_cs_client          = @@character_set_client */;
/*!50001 SET @saved_cs_results         = @@character_set_results */;
/*!50001 SET @saved_col_connection     = @@collation_connection */;
/*!50001 SET character_set_client      = utf8mb4 */;
/*!50001 SET character_set_results     = utf8mb4 */;
/*!50001 SET collation_connection      = utf8mb4_general_ci */;
/*!50001 CREATE ALGORITHM=UNDEFINED */
/*!50013 DEFINER=`root`@`localhost` SQL SECURITY DEFINER */
/*!50001 VIEW `historial_kardex_v` AS select `m`.`FECHA_MOVIMIENTO` AS `FECHA_MOVIMIENTO`,`m`.`TIPO_MOVIMIENTO` AS `TIPO_MOVIMIENTO`,case when `m`.`TIPO_MOVIMIENTO` = 'Entrada' then concat('+',`m`.`CANTIDAD`) when `m`.`TIPO_MOVIMIENTO` = 'Salida' then concat('-',`m`.`CANTIDAD`) else concat('',`m`.`CANTIDAD`) end AS `CANTIDAD`,concat(`m`.`CANTIDAD`,' lot ',`l`.`NUMERO_LOTE`) AS `LOTES_AFECTADOS`,(select ifnull(sum(case when `m2`.`TIPO_MOVIMIENTO` = 'Entrada' then `m2`.`CANTIDAD` when `m2`.`TIPO_MOVIMIENTO` = 'Salida' then -`m2`.`CANTIDAD` else 0 end),0) from `fide_movimiento_tb` `m2` where `m2`.`ID_INVENTARIO` = `m`.`ID_INVENTARIO` and `m2`.`ID_FARMACIA` = `m`.`ID_FARMACIA` and (`m2`.`FECHA_MOVIMIENTO` < `m`.`FECHA_MOVIMIENTO` or `m2`.`FECHA_MOVIMIENTO` = `m`.`FECHA_MOVIMIENTO` and `m2`.`ID_MOVIMIENTO` <= `m`.`ID_MOVIMIENTO`)) AS `SALDO`,`i`.`CODIGO` AS `CODIGO`,`m`.`ID_FARMACIA` AS `ID_FARMACIA`,`m`.`ID_INVENTARIO` AS `ID_INVENTARIO` from ((`fide_movimiento_tb` `m` join `fide_lote_tb` `l` on(`m`.`ID_LOTE` = `l`.`ID_LOTE`)) join `fide_inventario_tb` `i` on(`m`.`ID_INVENTARIO` = `i`.`ID_INVENTARIO`)) order by `m`.`FECHA_MOVIMIENTO`,`m`.`ID_MOVIMIENTO` */;
/*!50001 SET character_set_client      = @saved_cs_client */;
/*!50001 SET character_set_results     = @saved_cs_results */;
/*!50001 SET collation_connection      = @saved_col_connection */;

--
-- Final view structure for view `unidad_medida_activa_v`
--

/*!50001 DROP VIEW IF EXISTS `unidad_medida_activa_v`*/;
/*!50001 SET @saved_cs_client          = @@character_set_client */;
/*!50001 SET @saved_cs_results         = @@character_set_results */;
/*!50001 SET @saved_col_connection     = @@collation_connection */;
/*!50001 SET character_set_client      = utf8mb4 */;
/*!50001 SET character_set_results     = utf8mb4 */;
/*!50001 SET collation_connection      = utf8mb4_general_ci */;
/*!50001 CREATE ALGORITHM=UNDEFINED */
/*!50013 DEFINER=`root`@`localhost` SQL SECURITY DEFINER */
/*!50001 VIEW `unidad_medida_activa_v` AS select `fide_unidad_medida_tb`.`ID_UNIDAD_MEDIDA` AS `ID_UNIDAD_MEDIDA`,`fide_unidad_medida_tb`.`NOMBRE` AS `NOMBRE` from `fide_unidad_medida_tb` where `fide_unidad_medida_tb`.`ID_ESTADO` = 1 */;
/*!50001 SET character_set_client      = @saved_cs_client */;
/*!50001 SET character_set_results     = @saved_cs_results */;
/*!50001 SET collation_connection      = @saved_col_connection */;
/*!40103 SET TIME_ZONE=@OLD_TIME_ZONE */;

/*!40101 SET SQL_MODE=@OLD_SQL_MODE */;
/*!40014 SET FOREIGN_KEY_CHECKS=@OLD_FOREIGN_KEY_CHECKS */;
/*!40014 SET UNIQUE_CHECKS=@OLD_UNIQUE_CHECKS */;
/*!40101 SET CHARACTER_SET_CLIENT=@OLD_CHARACTER_SET_CLIENT */;
/*!40101 SET CHARACTER_SET_RESULTS=@OLD_CHARACTER_SET_RESULTS */;
/*!40101 SET COLLATION_CONNECTION=@OLD_COLLATION_CONNECTION */;
/*!40111 SET SQL_NOTES=@OLD_SQL_NOTES */;

-- Dump completed on 2025-07-14 17:46:04
